{
    "loss": 0.12440035492181778,
    "accuracy": 0.9568345546722412
}