{
    "loss": 0.08594914525747299,
    "accuracy": 0.9640287756919861
}